,predictive_value_score,confirmatory_value_score,faithful_representation_score,neutrality_score,completeness_score,understandability_score,comparability_score,timeliness_score,conservatism_score
predictive_value_score,1.0,-0.0258,-0.0415,-0.0415,-0.1578,-0.245,-0.0308,0.0092,0.0488
confirmatory_value_score,-0.0258,1.0,-0.0102,-0.0102,0.048,0.0782,-0.1374,0.1128,-0.0161
faithful_representation_score,-0.0415,-0.0102,1.0,1.0,0.1109,0.1444,0.5129,0.0831,0.492
neutrality_score,-0.0415,-0.0102,1.0,1.0,0.1109,0.1444,0.5129,0.0831,0.492
completeness_score,-0.1578,0.048,0.1109,0.1109,1.0,0.5753,0.4275,0.2581,0.1872
understandability_score,-0.245,0.0782,0.1444,0.1444,0.5753,1.0,0.373,0.2,0.0356
comparability_score,-0.0308,-0.1374,0.5129,0.5129,0.4275,0.373,1.0,0.093,0.5274
timeliness_score,0.0092,0.1128,0.0831,0.0831,0.2581,0.2,0.093,1.0,0.0914
conservatism_score,0.0488,-0.0161,0.492,0.492,0.1872,0.0356,0.5274,0.0914,1.0
